회사,사업자등록번호,업종,사원수(명),매출규모(억),주소(도로명 주소),웹사이트 주소,기업소개 및 기업규모,담당업무,지원요건,채용인원,제출서류,서류제출 마감일,기타

메타지, 590-81-02102, 응용소프트웨어 개발 및 공급업, 16, 3.8," 서울시 강남구 봉은사로44길 50, 401호"," <a href=""http//www.meta-z.io"" target=""_blank"">www.meta-z.io</a>", 메일로 전송, 게임 클라이언트 개발자 / 게임 3D 아티스트, Unity3D 개발 경험 / Blender 사용 경험1,개발 분야 1명 / 디자인 분야 1명1," 이력서(필수), 포트폴리오(선택)1", 12.51,"복리후생 • 영어이름 사용 • 자율 출퇴근 및 재택근무 • 스톡옵션 제공 • 무제한 도서 구입 • 장비지원 (노트북, 모니터) • 헬스비 지원 • 4대보험, 퇴직금 • 경조사 휴가 및 비용 지원 • 리프레시 휴가 및 비용지원 • NFT 투자지원금 • 무제한 식대 • 야근시 저녁식사 및 택시비 지원"
(주) 시솔지주, 220-88-62200, 시스템응용SW개발및공급, 15, 6, 경기도 성남시 수정구 달래내로 46 (성남글로벌융합센터) A802호," <a href=""https//sisoul.co.kr"" target=""_blank"">https//sisoul.co.kr</a>"," 중소기업, 벤처 인증 기업, 기업부설 연구소"," 안드로이드 App 개발(Kotlin) / 공공기관 프로젝트 레거시 코드 분석 후 개발 및 보완, 새 프로젝트 UI &amp; 기능 개발","공통 - Git, Jira / 안드로이드 - Kotlin, 안드로이드 스튜디오 사용경험 / 프론트엔드 - html, css, JavaScript, TypeScript 개발 경험,React 사용 경험1","안드로이드 - 1명, 프론트엔드 - 1명1"," 이력서, 자기소개서, 포트폴리오1","서류제출 12.5(월)11시, 202215.식비 별도 지급 아침 식사 및 간식 제공"
 119-86-42991, 소프트웨어개발, 50, 70," 서울시 서초구 서초대로74길 45, 12,13층 (서초동, 엔데버타워)"," <a href=""http//www.matholic.com"" target=""_blank"">www.matholic.com</a>","매쓰홀릭(<a href=""http//www.matholic.com"" target=""_blank"">www.matholic.com</a>)은 2011년에 출발한 에듀테크 기업입니다. AI 수학학습 도구인 '매쓰홀릭'을 서비스 중이며 탄탄한매출 기반을 가지고 있습니다. 매쓰홀릭은 수십억 개의 학습 데이터셋으로 학습자 모델링과 학습자 별 추천 학습 시스템을 더욱 고도화하여 학생들의 학습 부담을 경감시키고 성공 경험을 축적시켜 학생들이 성장하는데 기여하고 있습니다.","- React, Typescript 를 사용하여 REST API 를 연동해 동적인 웹프론트엔드 애플리케이션 개발합니다.- 단순 기능 구현이 아닌 사용자에게 친화적인 UI/UX를 고민하고디자인합니다.- 가벼운 실무 프로젝트에 함께 참여하여 개발 역량을 키워나갑니다.역량에 따라서 다양하고 심도 있는 주제의 개발에도 함께 하실 수있습니다.- 하나 이상의 프로그래밍언어를 잘 사용하실 수 있으신 분이면좋겠습니다.- 실무 개발 경험을 쌓고 꾸준히 개발 역량을 키워나가고 싶으신분 환영합니다.","- HTML, CSS, Javascript 에 대한 이해 - 기본적인 Javascript 프로그래밍 능력 - (우대) HTTP, REST API에 대한 이해 - (우대)React 개발 경험1",개발팀 2명1," 이력서, 자기소개서1"," 11.29 (화), 20221",식비 별도 지급  성과우수자 별도 인센티브 지급1,"복리후생 사내 간식대 운영, 운동실 운영, 업무시간 내 동료간 다양한 활동"
(주)와우솔루션, 206-86-01557, SW개발및공급, 9, 20, 서울시 강남구 삼성로96길6 LG트윈텔1차 1304호," <a href=""http//www.wowslt.com"" target=""_blank"">http//www.wowslt.com</a>"," 부동산신탁, 토목엔지니어링 에 ERP 시스템을 개발하고 유지보수하는 중소기업입니다.", 개발 및 유지보수," C# (WinForm기반의 자체 Framework 보유), Oracle1",개발 및 유지보수 분야 1명1, 자기소개서1,11.101,식비는 별도지급하지 않고 회사에서 실비로 정산합니다
㈜휴맥스홀딩스, 215-81-37923," 서비스업,부동산업", 56, 77, 경기도 성남시 분당구 황새울로 216 휴맥스빌리지," <a href=""https//www.humaxit.com/"" target=""_blank"">https//www.humaxit.com/</a> <a href=""https//holdings.humaxdigital.com/"" target=""_blank"">https//holdings.humaxdigital.com/</a>"," SW 개발 (REACT, Node.js. MySQL)", (학교에서 교육받은 언어기준) 개발 역량1,1~2명1," 이력서, 자기소개서, 성적표, 포트폴리오1"," 11.915.복리후생 교육지원, 실손보험(가족포함)"
리버밴스 주식회사, 838-88-01509, 정보통신업, 3, 1.21,"(본원) 광주광역시 북구 첨단과기로123(오룡동), 산학협력연구관307-308호 / (서울사무소) 서울특별시 강남구 강남대로94길 27-11, 503호"," <a href=""https//libervance.com/"" target=""_blank"">https//libervance.com/</a>","리버밴스(주)는 광주과학기술원(GIST)의 교원이 창업한 블록체인 및 인공지능 솔루션 제공 스타트업입니다. GIST의 우수한 석·박사급 연구인력과 개발인프라를 바탕으로 정부 및 비기술기업에 손쉬운 탈중앙 블록체인 지능 융합 토탈 솔루션을 제공하고 있습니다.본 기업은 2022년 TIPS(민간투자형기술창업지원) 지원기업에선정되었으며 한미상공회의소, GG56코리아 등 주요 기업들과양해각서를 체결하며 사업 저변을 확대하고 있습니다. 상세한 기업 정보(IR)는 이메일로 보내드리겠습니다.","- 프론트엔드 개발자  (React, Vue.js 등을 이용한 SPA개발, Javascript(React/React Native/Node.js) 개발, Git을 활용한버전관리, 상용 서비스 출시)- 블록체인/백엔드 개발자  (리버밴스메인넷, dApp, 스마트 컨트랙트개발 / 신사업 DeFi/NFT 서비스 개발 / DAO 구조또는 거버넌스 설계 / 리버밴스 메인넷 플랫폼 구축 및 관리 /AWS 활용 서버 구축 / 리버밴스 프로젝트 미디어 서비스 개발 /프로젝트의 인프라 유지 관리 및 고도화)","컴퓨터 사이언스, 네트워킹, 머신러닝, 지능형 센서에 대한 기본지식 혹은 배우고자 하는 열의를 갖춘 분, Python, Java, C++,Web, App, API 프로그래밍, 딥러닝, 자연어처리, TCP/IP 등에 대한 기본 지식 혹은 배우고자 하는 열의를 갖춘 분, 블록체인 분야에 관심있는 분1",각 0명1," 이력서, 자기소개서(SW역량중심), 기타 프로젝트 진행 경험증빙등1", 11.81,"복리후생업무 효율을 극대화 할 수 있는 고급 업무장비 지원, 툴 지원Slack, Google One 사용 중 (추가 업무 툴 적극 지원), 자기계발을 위한 도서, 컨퍼런스, 세미나 참여 지원, 유연한 근무시간 (원하는 시간에 8시간/일 근무), 자유로운 복장 근무, 자유로운 연차/반차 사용, 자유로운 점심시간-회식 강요 없음 (점심회식 추구),야근없는 회사, 다과 제공, 4대보험 제공, 건강검진 지원, 우수 인력에 경쟁력 있는 연봉 지급"
주식회사 다다익스, 598-88-02013, 정보통신업, 3, 2," 서울 구로구 디지털로30길 28, 마리오타워 803호"," <a href=""https//ddwings-guide.oopy.io"" target=""_blank"">https//ddwings-guide.oopy.io</a>"," 지역기반 4륜차 라스트마일 배송 플랫폼 서비스를 제공하는 회사입니다.(중소기업, 벤처기업 인증)","총 3개의 직군의 업무 담당자가 필요합니다.(back-end, frontꠓend, design)주요업무  다다익스 서비스의 개발 및 유지보수에 참여합니다.개발 필수 언어  javascript우대사항  ",Back-end- Node.js- MySQL DB - Nest.js,"Front-end- React, Vue, Angular 등의 프레임워크 개발 경험- 고객의 관점에서 생각하고 이를 제품에 반영하려는 태도를 가지신 분",Design- Figma- Adobe Tool- 고객의 관점에서 생각하고 이를 제품에 반영하려는 태도를 가지신 분1,"3개의 직군별 1명, 총 3명1"," 이력서, 포트폴리오1"
(주) 티에스웨이, 119-86-11805, S/W 개발, 25, 25, 경기도 의왕시 이미로 40 인덕원IT밸리 C동 302호," <a href=""http//www.tsway.co.kr"" target=""_blank"">www.tsway.co.kr</a>"," 소프트웨어 개발 (공기업,금용건) 및 유지보수(한국도로공사,한국 부동산원, 산림과학원)"," JAVA,Oracle,Linux1",소트웨어개발(2)1," 이력서,자기소개서1", 11.3(목)1,식비 별도 지급  년 1회 건강검진교육비 지원
(주)엠온아이앤씨, 686-87-01745, IT서비스, 8, 8, 서울시 금천구 두산로 70 현대지식산업센터 A1112," <a href=""http//www.m-on.co.kr"" target=""_blank"">www.m-on.co.kr</a>","비대면 협업 솔루션인 MS팀즈(Teams) 사용 문의 응대, Microsoft365(Office 365) 사용 문의 응대, 그룹사 임직원들에 대한 마이크로소프트 제품의 IT헬프데스크입니다.", 컴퓨터에 관심1,2명1," 이력서, 자기소개서1"," 11.4, 2022"
오브젠 주식회사, 120-86-04696, 소프트웨어개발 및 공급업, 183, 200," 서울특별시 영등포구 여의대로 14, 12층 (여의도동, KT여의도 타워)"," <a href=""http//www.obzen.com"" target=""_blank"">http//www.obzen.com</a>", 세부정보 작성하여 메일로 송부드리겠습니다., 응용SW개발자 (상세내용 메일 송부)," Java , SQL 기본지식 보유자1",응용SW개발자 0명1," 이력서, 자기소개서, 포트폴리오1"," 10.31(월) 11시15.복리후생 스톡옵션, 인센티브 제도 운영 · 특진제도 (업무능력에 따라 조기 승진제도 운영) · 기업보장보험 가입 · 저녁식대 및 심야 교육비 지급 · 사내추천 채용제도 운영 (추천인재 채용 시 인센티브 지급) · 웸컴키트 제공 · 도서구입비 지원 · 경조금 지원 · 생일축하금10만원 지급 · 연말케이크 구입 비용 5만원 지원 · 휴게실, 카페테리아 운영 · 복지플랫폼 운영 (자기개발비, 명절 복지포인트 지급)· 간식제공 · IT 전문교육 실시"
(주)테르텐, 120-86-07238, 정보보호SW 개발 및 공급, 30, 41," 서울특별시 구로구 디지털로26길 61, 602호"," <a href=""http//www.teruten.com"" target=""_blank"">www.teruten.com</a>", 중소벤쳐기업,"웹서버 개발[보안솔루션 통합 관리자 개발 및 유지보수(Java, jstl,javascript, JQuery 등)], 마케팅디자인[제품소개서 등 홍보문서,전시회 운영, 키워드 광고, SNS 등 온라인 매체 운영(포토샵, 프리미어 등)]","웹개발자  관련학과 전공자, java 등을 사용한 개발 경험자, 마케팅디자인  문서 작성 및 프리젠테이션 능력 우수자, 디자인 업무가능자, 커뮤니케이션 스킬 능통자1"," 웹개발자 분야 1명, 마케팅디자인 분야 1명1"," 이력서, 자기소개서, 포트폴리오1", 10.27(목) 11시1,"각종 경조금, 장기근속자 포상금, 우수사원 포상금복리후생 교육비(도서구입비 등), 건강검진, 휴게실, 사내도서관, 샤워실,사내동호회 운영"
주식회사 소프트파워, 220-87-35690," 소프트웨어자문, 개발 및 공급", 29, 10, 서울시 마포구 성암로 330 DMC첨단산업센터 B동 8층," <a href=""http//www.smartmaker.com"" target=""_blank"">www.smartmaker.com</a>", 웹 개발자(front-end 또는 back-end) 및 디자이너(영상 또는 앱 디자인)1,각 분야 최대 2명1," 이력서, 자기소개서, 포트폴리오1",10.24(월) 11시
(주)7일, 263-87-02139, 소프트웨어 개발, 7, 10, 서울시 강남구 역삼로175 현승빌딩 5층," <a href=""http//www.havest.kr"" target=""_blank"">www.havest.kr</a>","IT를 이용한 한의학의 확산을 목표로 비대면 강의, 전통지식 검색서비스등의 웹서비스를 개발, 운영하는 스타트업(중소기업)입니다. 2021년 1월 창업하여 벤처인증, 연구소인증을 받았으며, 서울대학교 기술지주의 투자를 유치하였습니다. 중소벤처기업부의TIPS 과제에 선정되어 지원을 받고 있습니다. 현재 주된 고객층은 대한민국 한의사이며, 연말 해외서비스를 런칭할 계획입니다."," Restful API를 사용한 Web application Front-end 개발(Javascript, Angular 사용)"," HTML, REST에 대한 이해, python 경험 우대, Angular 사용경험우대1",웹애플리케이션 개발 2명1," 이력서, 자기소개서, 포트폴리오(선택)1", 10.21(금)1,"복리후생 교육비 지원, 한약 지원 등"
네오뉴트라주식회사, 201-81-91103, 임상CRO, 62, 47, 서울시 종로구 대학로 44 우일빌딩4층," <a href=""http//www.neonutra.com"" target=""_blank"">www.neonutra.com</a>","2005년 3월에 설립된 네오뉴트라(주)는 기능성원료의 인체적용(임상)시험과 인허가 전문CRO(Contract Research Organization)로서 국내에서 가장 오래된 경험과 노하우(Know-how)를 가지고있으며, 건강기능식품 CRO분야에서 우위를 지켜나가고 있습니다.", 사내전산관리, 컴퓨터기본용어/기타컴퓨터관련자격증 우대1,사내전산관리1명1," 이력서,자기소개서1", 10.20 목요일1,"복리후생 식대별도, 시차출퇴근제등"
주식회사 레플러스, 848-87-00096, 기술서비스업, 16, 15," 서울시 광진구 능동로279 5층,실로암빌딩"," <a href=""http//www.repul.net/"" target=""_blank"">http//www.repul.net/</a>"," 중소기업, 기술혁신형중소기업(이노비즈)"," 웹디자인, 편집디자인, 프론트엔드 개발1","디자인 분야 1명, 개발 분야 1명1"," 이력서, 자기소개서, 포트폴리오1"," Oct 14, 202215.기타 급여(수당) 식비 별도 지급"
하나제약(주), 124-81-37632, 제조, 663, 1900," 서울특별시 강남구 테헤란로 407, EK타워 10층"," <a href=""http//www.hanaph.co.kr/index.do"" target=""_blank"">http//www.hanaph.co.kr/index.do</a>",중견기업,영업부 매출 관리 및 영업 활동 지원, 성적우수자 및 성실하고 꼼꼼한 성격 보유자1,1명1," 이력서, 자기소개서1"," Oct 11, 20221","복리후생 식대 일 8,000원"
(주)강원엔티에스, 118-81-09811, 설비, 20, 350," 서울시 금천구 가산디지털1로 145, 805"," <a href=""http//www.kwnts.co.kr"" target=""_blank"">www.kwnts.co.kr</a>", 사세 확장에 따라 영업관리 인원모집으로 많은 지원 바랍니다, 영업지원 (영업부 업무 지원)," OA 능숙자,1",영업지원 2명1," 이력서, 자기소개서1"," 10.11 오전 11시, 20221",복리후생 통신비 지원 등
주식회사 에스씨엠솔루션, 845-81-01186, 소프트웨어개발 및 공급업, 7, 10," 서울시 영등포구 의사당대로83, 5층 105호"," <a href=""http//www.sellerline.co.kr"" target=""_blank"">www.sellerline.co.kr</a>","이커머스 판매자 매출현황 분석을 통한 공급망 금융 서비스(국내금융사 연계, 서비스 로직 개발), (중소기업, 벤처인증 기업, 기업부설연구소, 2019코리아핀테크위크 혁신상 수상 등)"," 웹 개발(JAVA, spring boot) / 웹디자인(UI/UX)"," 개발  aws, java, spring boot, maria DB / 디자인  figma, adobe1",개발 1~2명 / 디자인 1~2명1," 이력서, 자기소개서, 포트폴리오, github1"," Sep 28, 20221","복리후생 식비, 교통비, 도서구입비,학점은행제 교육비 지원"
(주)티스퀘어, 109-86-33286, 소프트웨어 개발, 33, 21, 서울 서초구 반포대로24길 20," <a href=""http//t-square.co.kr/"" target=""_blank"">http//t-square.co.kr/</a>",중소기업국내 유명 커머스/IT 서비스/인포테인먼트 등의 분야에서 자동화테스트를 포함한 QA 운영 업무를 수행하고 있으며이를 바탕으로 다양한 분야의 비지니스 영역에 도전해 나가고 있습니다.사세 확장으로 인하여 테스트 엔지니어를 모집하고 있습니다., 소프트웨어 테스터(QA), 컴퓨터 엑셀 사용가능하고 업무 이해력이 있으면 좋습니다.1,소프트웨어 테스터(QA) 00명1," 이력서,자기소개서1", 9.26(월)11TL1,"기타 급여(수당) 퇴직금 별도 지급(연급여에 포함 안됨)복리후생 ㆍ명절 선물 / 생일 또는 결혼기념일 선물 / 입사 축하 선물(기프티콘) ㆍ경조사 지원 (유급휴가, 경조금, 화환) ㆍ장기근속자 포상(3년,6년,10년,15년) ㆍ자격증 취득시 응시료 지원 ㆍ프로젝트친목도모 운영비 지급 (회식, 카페 등 다양하게 사용) ㆍ자녀 초,중,고 입학 축하금 ㆍ자유로운 연차사용 ㆍ연장, 야간 근로 시 식비 및 교통비 지원 / 휴일근무 시 식비 및 대체휴가 지급 ㆍ간식과음료수 제공 ㆍ네스프레소 커피머신으로 내린 향긋한 커피 제공ㆍ생일당일 유급휴가 ㆍ매월 럭키데이 진행으로 소소한 경품지급"
라온시큐어(주), 138-81-16484," 정보통신업, 소프트웨어 공급 및 개발", 290, 380," 서울시 강남구 테헤란로 145, 13~18층 지하철 2호선 역삼역 4번출구"," <a href=""http//www.raonsecure.com"" target=""_blank"">www.raonsecure.com</a>","“make IT fun and secure, RAON”사회 전반을 아우르는 디지털화와 비대면 사회로의 전환으로 인해, 진화하는 보안위협에 선제적으로 대응하고 디지털 세상에서보다 안전하게 신원을 증명하는 일이 그 어느때보다 중요해지고있습니다.라온은 기술의 발전이 가져오는 변화가 모든 이들에게 즐거움으로 다가갈 수 있도록 항상 고민합니다.‘라온’이라는 이름이 뜻하는 바처럼, 우리의 목표는 급격한 변화속에서도 모두가 즐겁고 안전한 IT세상을 만들어 나가는 것입니다.라온은 국내 최고의 모바일 보안 솔루션과 FIDO 생체인증 기술로 모바일 보안, 사물 인터넷 통합보안 시장을 선도하고 있는 ‘라온시큐어(RaonSecure)’와 최정예 화이트해커 연구진 및 블록체인 기술진을 중심으로 화이트햇 컨설팅 서비스, 모바일 보안 인증서비스, 블록체인 DID 서비스 등 차세대 통합보안인증 서비스를제공하는 ‘라온화이트햇(RaonWhiteHat)’ ,차세대 IT보안 클라우드 리더 ‘라온에스엔씨(RaonSNC)’, 그리고생체인증과 블록체인 기술로 글로벌 시장을 열어가는 미국 실리콘밸리의 ‘디지털 트러스트 네트웍스(Digital Trust Networks)’외라온 싱가포르, 라온 홍콩, 라온 재팬을 통해 IT 보안 및 인증 산업의 미래를 만들어가고 있습니다."," 자사 PC웹, 모바일 보안솔루션 구축 기술지원","- 웹 기반 소프트웨어 기술 지원 경험 보유하신 분 - 웹 개발언어(Java, JSP, HTML, x-javascript 등)의 기본 개념 보유하신 분 -VueJS, React, Jquery 등 Front 환경 기술에 이해도 보유하신 분1",00명1," 이력서, 자기소개서, 포트폴리오1", 9.26(월)1,"면접 1차, 2차 종료 후 즉시 채용1"
(주)씨아이피시스템, 214-87-02743," IT (웹, 모바일 소프트웨어 개발)", 30, 50, 서울시 금천구 가산디지털1로 219 벽산디지털밸리 6차 512호," <a href=""http//www.cipsystem.co.kr"" target=""_blank"">www.cipsystem.co.kr</a>","당사는 1999년 S/W개발업체로 출발하여 다양한 분야에서 SI 및S/W패키지를 개발하여 보급하고 있습니다.다양한 비즈니스 분야에서 IT기술을 접목하여 활용할 수 있는 적합한 솔루션 발굴 및 보급에 주력하고 있으며, 특히 Green IT관련신재생 에너지와 모바일솔루션 분야 진출을 통한 미래 신성장 동력 창출에 노력하고 있는기업입니다."," 웹 개발 (java, spring, html, css, javascript, jquery, ...)모바일 개발 (html, css, javascript, java, swift, ...)", 이해력이 높고 대인관계가 원만하면 좋겠습니다.1,"웹 개발 2명, 모바일 개발 2명1"," 자기소개서, 포트폴리오(필수아님)1", 9.19 오전 11시1,복리후생 연 1회 성과급 /업무와 관련된 도서구입비
람다256, 694-86-01434," 소프트웨어 개발 및 공급(블록체인, NFT)", 80, 48," 서울특별시 영등포구 의사당대로 83, 4,5,6,8,17,19층 서울핀테크렙"," luniverse.io, cyphrly.io","업비트 운영사이자 글로벌 디지털 자산 거래소로 성장하고 있는두나무, 그 두나무 그룹에서 블록체인 기술을 책임지고 있는 자회사 람다 256은 설립 3년 만에 누적 1,000억원이 넘는 투자를 유치하면서 아시아 최고의 블록체인 유니콘 기업으로 성장하였습니다. 우리는 3,000여 고객들과 수백만 크립토 유저들과 함께해온 그 가슴 벅찬 여정을 통해서 NFT야 말로 엔터테인먼트 컨텐츠산업 전반에 엄청난 변화를 가져올 기술이라는 확신을 얻었습니다.하지만 NFT 특성상 블록체인 기술과 예술적 창의성이 모두 필요한 영역임에도 불구하고 두 가지 역량을 모두 가진 팀이 전세계적으로 얼마 없다는 사실도 깨달았습니다. 그리고 우리는 람다256의 기술과 한국 대중문화의 힘이라면 글로벌에서 Pixar와 같은 위대한 기업을 만들 수 있다는 확신을 얻게 되었습니다. 이제 람다256 최고의 NFT 전문가들이 CYPHRLY라는 새로운 스타트업으로 메타버스와 Web3 항해를 위한 돛을 펼치고 나아갑니다.","NFT Web service Developer[]NFT 마켓플레이서 서비스 시스템 개발[주요기술스텍]프론트엔드  HTML, CSS, JavaScript, React, Next.js,TypeScript, SEO, Vue백엔드  Node.js, Nest.js, Typescript, TypeORM, MySQL인프라  AWS, Docker, Ansible, Kubernetes", 성장 마인드셋(growth mindset)과 항상 공부하고 성장하려는 의지가 있는 분1, 이력서 및 자기소개서(자유양식)1,9.7(수) 오전 11시1,식비 별도 지급1,"복리후생 야근택시비 지원, 중식비 지원(월 22만원), 업무용 도서 및 교육/연수비 지원, 재택근무(주 2회)"
(주)하이컴텍, 134-86-34961, 프로그램개발, 18, 24, 서울시 금천구 가산디지털1로145," <a href=""http//web8591.co.kr/"" target=""_blank"">http//web8591.co.kr/</a>"," <a href=""http//web8591.co.kr/"" target=""_blank"">http//web8591.co.kr/</a>"," 웹개발, 응용프로그램개발, C#, C++, PB1"," 이력서, 자기소개서, 포트폴리오1", 9.131,"식비 별도 지급   15.복리후생 중소기업복지몰, 간식"
드림소프트웨어(주), 214-86-28412, 소프트웨어개발/IT, 46, 44," 서울특별시 서초구 반포대로96, 석정빌딩 5층"," <a href=""http//www.dreamsoftware.co.kr"" target=""_blank"">www.dreamsoftware.co.kr</a>", 메일로 회사 소개 자료 및 기타 자료 보내드립니다.," 고객지원(CS) / 품질관리(QA) , 필수 언어는 없으나 자바를 간접적으로 접해 보았으면 큰 도움이 됩니다"," MS Office, 책임감, 커뮤니케이션 역량1",QA 2명 / CS 2명1, 이력서(자유양식)1, 9.6(화) 오전 11시1,복리후생 도서구입비 지원     
(주)테라젠이텍스, 133-81-22943, 의약품(제약), 176, 650, 서울시 서초구 강남대로190(양재동) 대관빌딩 5층," <a href=""http//www.etexpharm.co.kr/main/"" target=""_blank"">http//www.etexpharm.co.kr/main/</a>", PDF 전송, 영업관리 사무직(영업직원 실적 현황 데이터 및 자료 입력_엑셀), 고등학교 졸업자1,영업관리 사무직 2명1," 이력서, 자기소개서1", 9.1 11시1,"식비 별도 지급  명절, 근로자의 날 선물 등 비정기적 상여"
애드워드, 1208702467, 광고 대행, 9, 64, 서울시 강남구 테헤란로 410 금강타워 19층 애드워드," <a href=""http//www.addward.com"" target=""_blank"">www.addward.com</a>","삼성화재, AIG, 교보생명, 롯데관광, 코오롱 등 국내 초일류 기업에 디지털마케팅 서비스를 제공하고 있습니다.- 네이버 1기 공식대행사이며 업력 15년의 중소기업으로, 디지털마케팅 업계 특히 금융 및 라이프스타일 영역에 전문성을 보유한회사입니다."," 자사 솔루션 개발 / 개발, 런칭 관련 기획 업무 및 광고 업무", 문서 작성 능력 우대1,11," 이력서, 자기소개1", 9.1 11시15 기타 급여(수당) 퇴직금 별도 지급(연급여에 포함 안됨) 자격증 수당1,"복리후생 도서구입지원비, 매주 수요일 점심 2시간 및 1인 식대 15,000원 지원, 매주 금요일 3시 조기퇴근, 반/연차, 간식제공"
(주)이나인페이 ,119-86-00332 ,금융 ,57 ,242 ,"서울시   관악구 남부순환로 1793, 803호 (봉천동, 백광빌딩) ","웹사이트   주소<a href=""http//www.e9pay.co.kr"" target=""_blank"">www.e9pay.co.kr</a> ","기업소개   및 기업규모 (주)이나인페이 당사는 관악구 봉천동에서 금융업을 영위하고 있는 중기업으로서, 소액해외송금업, 전자금융업(PG), 항공권발권대행, 선불폰 충전등 금융지원 서비스를 내·외국인을 대상으로 제공하고   있습니다. ",가입   고객의 정보 확인 및 운영 업무 전반 (채용부서 자금세탁방지부) 1,3~5명 1,"이력서, 자기소개서 1",서류제출   마감일8.25(목)
기업명(사업자등록증)(주)엠온아이앤씨, 686-87-01745," 정보통신업, 기술서비스업", 7, 7, 서울시 금천구 두산로 70 현대지식산업센터 A1112호,"<a href=""http//www.m-on.co.kr"" target=""_blank"">www.m-on.co.kr</a>","중소기업입니다.소프트웨어 컨설팅 전문 기업으로 Microsoft Teams, Azure 등Cloud Solution을 바탕으로 대기업 및 개발사, 제조 서비스, IT 전문 기업체, 교육기관 등에 활용되는 다양한 Solution을 제공하며,보다 효율적인 비즈니스 환경을 구축하여 업무 프로세스를 체계적으로 최적화할 수 있도록 지원하는 IT 컨설팅 전문 업체 입니다.Microsoft사와의 긴밀한 협력으로 최고레벨의 MS공식인증 엔지니어 및 IT Consultant 를 비롯한 교육 전문강사 등을 보유하고있으며, 전문 Helpdesk의 운영으로 고객의 다양한 수요만족과 보다 광범위한 서비스제공을 위해 최선의 노력을 하고 있습니다.","비대면 협업 솔루션인 MS팀즈(Teams) 사용 문의 응대, Microsoft365(Office 365) 사용 문의 응대, 그룹사 임직원들에 대한 마이크로소프트 제품의 IT헬프데스크입니다.", 컴퓨터에 관심1,IT헬프데스크 1명1," 이력서, 자기소개서, 생활기록부1", 8.25
(주)아이티빌리지, 128-86-86256, 소프트웨어자문개발/공급, 7, 9, 서울시 영등포구 양산로 91 리드원 지식산업센터 1118호," <a href=""http//itvillage.co.kr/"" target=""_blank"">http//itvillage.co.kr/</a>","아이티빌리지는 리테일테크 전문 기업으로 클라우드를 기반으로한 소프트웨어 서비스 개발 및 운영, 하드웨어를 공급하고 있습니다.자사 웹 어플리케이션인 EVS는 홈플러스에서 사용 중인 서비스로, 홈플러스와 소매 거래처 간 발주와 전반적인 유통 관련 서비스를 제공하고 있습니다.","자사 웹 어플리케이션 EVS 개발 및 운영, 개선 작업Java, Spring Framework, jsp, css, java script, jquery, oracle,mssql, git 사용.","Java, Spring Framework, oracle에 대한 이해 및 사용 경험HTML, CSS, JavaScript에 대한 충분한 이해 주어진 역할에 대해 책임감 있게 업무를 수행하실 수 있는 분1",11," 이력서, 자기소개서, 포트폴리오1","복리후생 자유로운 휴가 사용, 야근 교통비, 간식비 지원, 명절 선물 제공 및 조기퇴근     파일이름"
한양증권(주), 116-81-15073, 금융, 523, 8800, 서울특별시 영등포구 국제금융로6길 7(여의도동)," IT부서  사무행정(워드, 엑셀, 컴퓨터 활용능력)1",2명1," 이력서, 자기소개서, 생활기록부, 성적백분율1", 8.18(목)오전 11시
미림미디어랩 주식회사, 119-86-61402, e러닝 콘텐츠 개발 등, 63, 96, 서울 마포구 매봉산로 37 DMC산학협력연구센터 1006호," <a href=""http//www.mirimmedialab.co.kr"" target=""_blank"">www.mirimmedialab.co.kr</a>", 중기업 / 벤처기업 인증 / 기술혁신형중소기업(이노비즈) / 하이서울기업, e-learning LMS 유지보수 및 신규 기능 개발 / IT 교육 과정 개발참여,"[필수] HTML, CSS, Javascript 원활한 활용 // [우대] React 사용경험 / 웹표준, 웹 접근성을 고려한 UI 개발 / Jsp, MySql, Linux에대한 지식 보유 / python에 대한 지식 보유1",3명1," 이력서, 자기소개서, 포트폴리오1",서류제출 8.16 화요일11시1,복리후생 (정규직) 생일상품권 / 명절상품권 / 연말상품권 / 도서지원비 / 교육지원비 / 경조휴가 / 경조사비 등
주식회사 쉐어밸류, 750-86-00899, 소프트웨어 개발 및 공급, 6, 1," 서울시 중구 무교로 15, 1805호"," <a href=""http//www.sharevaluecorp.com"" target=""_blank"">www.sharevaluecorp.com</a>","쉐어밸류는 개발과 운영 인프라의 진입장벽이 없는 항공예약SaaS 솔루션을 개발하여 공급하고 있습니다. 기업 규모는 소기업이며 벤처기업인증, 2020년 한국관광공사 관광벤처기업 선정,2021년 한국관광공사 여행업 디지털전환사업의 기술인프라 공급기업입니다.", 실시간 항공예약 서비스 Front-End 개발 및TypeScript와 Vue.js 사용하고 있습니다., TypeScript 와 Vue.js 를 학습했거나 사용한 경험1,소프트웨어 개발 2명1," 이력서, 포트폴리오 제출1", 8.5 (금)1,"성과급은 1년이상 근무 시 대상중식비 10만원 복리후생 교육비, 도서구입비, 세미나참석비"
뉴닉(카벤패밀리사), 632-81-01159, 정보통신, 23, 10," 서울특별시 마포구 어울마당로 35, 신보빌딩 5층"," <a href=""https//newneek.co/"" target=""_blank"">https//newneek.co/</a>"," 뉴닉의 프론트엔드 엔지니어로서 뉴닉 프로덕트의 프론트엔드 파트를 설계 및 구현하고, 뉴니커의 프로덕트 사용과 콘텐츠 소비 경험을 개선해요."," 기술스택 TypeScript, JavaScript, React Native, React (2)JavaScript/TypeScript를 활용한 개발 경험이 1년 이상 있는 분 (3) React, Next.js 등 SPA 프레임워크로 서비스 개발 경험이 있는 분1",21,"사전질문""뉴닉에 입사할 시 업무에서 가장 기대하는 바는 무엇인가요?""에 대한 답을 포함하여 작성)1",8.5 (금) 11시1,"복지식비 별도 지급 주 5일, 40시간 근무 문화회식비 월 5만원 지원, 월 4권의 도서구매 지원, 외부 컨퍼런스 등 교육비 지원      ","채용 HOME <a href=""https//newneek.notion.site/NEWNEEK-NEW-PLAYER-2022-309aa410023b4250b738494bb6524df7"" target=""_blank"">https//newneek.notion.site/NEWNEEK-NEW-PLAYER-2022-309aa410023b4250b738494bb6524df7</a>"
메타제이앤에스 주식회사, 873-88-02743, 사무용 전자기기 렌탈사업, 3, 10," 서울특별시구로구디지털로31길38-9, 808호(구로동, 에이스테크노타워1차)"," <a href=""http//www.metajns.com"" target=""_blank"">www.metajns.com</a>", 사무용 전자기기 렌탈을 주업무로 하고 있는 중소기업입니다, 블로그등 SNS 운영 관리, 그래픽프로그램 잘다루시는분 (전공 무관) 웹제작 까지 가능하면더 좋습니다(홈피 수정등 업무)1,11,  이력서 자기소개서 포트폴리오가 있으면 환영합니다1,8.1(월)     
나트리스, 709-87-00734, 서비스업, 46, 100, 서울시 영등포구 여의대로 108 파크원 타워1 47층, X, 중소기업,"포지션 ; 서비스 기획자담당 업무• 게임 및 블록체인 디파이 서비스의 웹/앱 기획 및 운영• 웹/앱 서비스 UX 화면 기획• 우선순위 도출 및 구현을 통한 서비스 고도화• 데이터 &amp; 고객 피드백 기반 개선점 도출• 기획 - 개발 - 배포의 프로세스 관리 및 모니터링     ""서버/클라 구분 없이 아래 중 1~2가지 업무를 담당하게 됩니다. 관심있는 학생은 지원하면 될 것 같습니다.1.웹페이지 frontend 개발 (react, javascript)2.웹페이지 backend 개발 (nodejs, express, javascript)3.게임 클라이언트 UI 개발 (cocos2d-x, lua)     ","""• 게임 및 블록체인 디파이 서비스에 대한 이해와 관심을 가지신분 • 고객에게 줄 서비스의 가치를 이해하고 함께 서비스의 방향을 고민할 수 있는 분 • 개발, 디자인, 사업 전반에 대한 이해와Ownership을 가지고 일할 수 있는 분 • 다양한 데이터를 바탕으로 분석적 인사이트를 도출할 수 있으신 분 • 스스로 목표와 전략설정이 가능하고, 논리적인 커뮤니케이션을 통한 협업이 가능한분 • 먼저 의견을 논리적으로 제시하고 주도적으로 일하기를 즐기는 분""1",21," 자기소개서, 포트폴리오(선택)1", 7.28(목) 오전 11시1,"복리후생아침 조식, 각종 경조사 지원, 2년에 1번 VVIP종합 검사,해피프라이데이(매주 마지막 주 금요일 4시간 근무), 생일 4시간근무&amp;선물, 미사용 연차 수당, 야근택시비, 야근식대, 인센티브, 퇴직연금"
아이엠코어, 6318101097, 마시는 영양제 프랜차이즈 서비스, 7, 35, 서울 강남구 강남대로 110길 29," <a href=""http//www.vitamate.co.kr"" target=""_blank"">www.vitamate.co.kr</a>", 중소기업," 마케팅 지원, 회계및 인사관리, 영업관리"," 사무용 오피스 ( 엑셀 파워포인트 워드 작성 가능 ) , 더존 또는ERP회계 , 데이타 서치 자유자재 가능1",2-3명1," 이력서( 국가공인 자격증 필수 기재 ) , 자기소개서1", 7.27 오전 11시1,마시는 영양제 매일 제공
투디지트, 757-86-01206, 인공지능 프로그램 개발, 20, 10, 경기도 성남시 분당구 판교로255번길 35," <a href=""http//www.2digit.io"" target=""_blank"">www.2digit.io</a>", 중소기업,"1) 자체 인공지능 서비스에 대한 APP(안드로이드, iOS) 또는 WEB(반응형 모바일페이지)을 개발 2) App은 안드로이드는java/kotlin, iOS는 swift, WEB은 react.js 또는 vue.js 3) 공통적으로 python은 기본 -&gt; 자연어처리 인공지능이 python기반으로 개발됨."," 1) App은 안드로이드는 java/kotlin, iOS는 swift, WEB은 react.js 또는 vue.js1","app 1명, web 1명1"," 이력서, 자기소개서, (선택)포트폴리오1",7.27(수)오전 11시1,"복리후생 5만원/월 활동비 지원**투디지트 <a href=""http//www.2digit.io"" target=""_blank"">www.2digit.io</a>에서 1) 자체 인공지능 서비스에 대한 APP(안드로이드, iOS) 또는 WEB(반응형 모바일페이지)을 개발 2) App은 안드로이드는java/kotlin, iOS는 swift, WEB은react.js 또는 vue.js 3) 공통적으로python은 기본 -&gt; 자연어처리 인공지능이python기반으로 개발됨"
솔루피아주식회사, 220-86-11293, 소프트웨어개발, 23, 50," 서울특별시 영등포구 경인로 775,1동 411호"," <a href=""http//www.solupia.co.kr"" target=""_blank"">www.solupia.co.kr</a>", 중소기업, 보안 솔루션 구축 및 유지보수," sql,linux,windows server1",7명1, 자기소개서1," 7.25(월)11tl14.식비 별도 지급복리후생 식대지원,교육비지원     "
(주)도프텍 (110111-1921538), 107-81-80129, 소프트웨어 개발 및 판매, 67, 61," 서울특별시 중구 통일로 86, 4층 (순화동, 바비엥3)"," <a href=""http//www.doftech.co.kr"" target=""_blank"">www.doftech.co.kr</a>",,중소기업,"2000년 3월 창업하여 플랜트, 건걸사, 조선, 중공업, 정유사 등의 업무 자동화 솔루션 개발","2D, 3D CAD SW 응용 자동화 프로그램 개발",,"플랜트, 건걸사, 조선, 중공업, 정유사 등의 업무 자동화 솔루션개발","2D, 3D CAD SW 응용 자동화 프로그램 개발"
주식회사 크레페이, 216-88-02182, 정보통신업, 6, 0, 서울특별시 서초구 바우뫼로162," <a href=""http//www.crepay.com"" target=""_blank"">www.crepay.com</a>","크레페이는 정부, 유수의 VentureCapital(본엔젤스 투자회사)에서 기술력을 인정 받아 투자를 유치한 유망한 스타트업입니다.저희는 Z세대를 위한 BNPL 서비스(지금 구매 후 나중에 지불을하는 새로운 핀테크 금융 솔루션)와 앱테크를 결합한 서비스를준비 중이며, 내년 상반기 중 정식 서비스를 오픈 할 예정입니다."," - Flutter를 이용한 멀티 플랫폼 모바일 애플리케이션 개발- HTTP, REST API 설계 및 적용"," IT 혹은 스타트업에 관심이 많고, 소프트웨어 개발 직군에서 성장하고 싶은, 합리성을 바탕으로 사고하고 행동하는 성실한 학생1",개발 분야 1명1," 이력서, 자기소개서, 포트폴리오(*선택)1",7.18(월) 11시1,식비 별도 지급
(주)에이브이피시스템즈, 744-81-00128, 제조업외, 8, 28," 서울 구로구 디지털로242, 1207호 1208호 (구로동, 한화비즈메트로1차)", 없음, 중소기업으로 광고 기구물 제작 및 광고 업무를 진행하는 회사입니다. 회사소개서 메일 보내드리겠습니다.," 광고 영상 업로드 및 영상 이미지 수정, 제안서 PPT작성, 보고서작성 (엑셀), 회사 자체 서버 관리1",서버 관리 1명 (디자인)1," 이력서, 자기소개서, 포트폴리오1",7.18(월) 오전 11시
기업명(사업자등록증)알서포트 주식회사, 114-86-82265, 소프트웨어개발, 312, 525," 서울특별시 송파구 위례성대로 10(방이동, 에스타워 8층~12층)"," <a href=""https//www.rsupport.com/ko-kr/"" target=""_blank"">https//www.rsupport.com/ko-kr/</a>"," 중소기업이며, 소개자료는 메일로 보내드리겠습니다.",,프론트엔드 개발- Web Application 개발 및 유지 보수- 당사 솔루션 및 서비스 FE 개발,"QA - 사내 제품에 대한 테스트 활동- 테스트 수행, 결함분석 및 보고- 테스트 프로세스 개선","[공통] 성별  여성 [FE] Javascript/Typescript 역량, HTML5,CSS3 웹표준 마크업 역량 [품질] SW 제품 테스트 대한 기초적인지식1","FE - 2명, QA - 2명1"," 이력서, 자기소개서 (포폴 있다면 제출)1"
뉴로핏 주식회사, 204-86-57415, 응용 소프트웨어 개발 및 공급업, 93, 1, 서울시 강남구 테헤란로124 삼원타워 12층," <a href=""http//neurophet.com/"" target=""_blank"">http//neurophet.com/</a>",2016년에 설립된 뉴로핏은 자체 개발한 인공지능(AI) 기술 기반으로 의료 영상 소프트웨어를 개발하는 기업입니다. 차세대 뉴로내비게이션 시스템을 개발한 CEO와 CTO가 의기 투합해 공동으로 회사를 설립했습니다. 뉴로핏은 의료 영상 소프트웨어 분야의우수한 기술력과 높은 성장 가능성을 인정받아 다수의 투자 기관으로부터 약 300억원 규모의 누적 투자를 유치했습니다. 양질의자금을 확보한 뉴로핏은 뇌질환 솔루션 분야 제품 고도화에 나서고 글로벌 시장 진출을 위해 임상 연구 및 세일즈 활동에 회사의역량을 집중하고 있습니다. 뉴로핏은 현대 의학의 한계를 뛰어넘어 뇌질환으로 고통받는 환자들을 돕는 것을 회사 최우선 과제로설정했습니다. 뉴로핏만이 보유한 뇌 과한 기술의 전문성을 바탕으로 뇌질환 의료 솔루션 분야 글로벌 1위 기업으로 도약하기 위해 끊임없이 도전하고 있습니다.중소기업/벤처기업/인재육성형중소기업/우수기업부설연구소선정/근무혁신인센티브제 SS등급 선정 등,"[]뇌 영상 데이터를 기반으로 웹 제품을 개발(S/W 개발 업무)- 자사 제품 개발 및 유지 보수- 클라우드 서비스 개발 및 유지 보수[모집분야]백엔드개발1) 자격요건  Java, Spring boot, JPA, RESTful, RDBMS프론트엔드개발1) 자격 요건  Javascript, Html5, CSS2) 우대 요건  Typescript, SCSS, ReactJS[공통우대사항]-JIRA/Confluence 사용 경험이 있으신 분-CI/CD 사용 경험-AWS 기반 Cloud 사용개발 경험-리눅스 기반 개발 경험", 9번 항목에 입력 완료1,"(예 **분야**명)백엔드 2명, 프론트엔드 1명1"," 자유양식의 이력서, 자유양식의 포트폴리오1", 7.14(목) 11시
주식회사 딕스코리아, 309-88-00282, 소프트웨어개발 및 판매 외, 18, 15, 서울특별시 금천구 가산디지털1로 128 STX-V타워 502호," <a href=""http//www.deex.co.kr"" target=""_blank"">www.deex.co.kr</a>","저회회사는 Microsoft 한국 공식 파트너사입니다. 특히, Microsoft사의 수많은 솔루션중에서 ERP 제품인 Dynamics 365 와 PowerBI, Power Automate, Power Apps 그리고 Cloud 기술인 Azure 기술을 컨설팅 및 개발 제공하고 있습니다.","뉴미디어 소프트웨어 학과의 교육과정중 소프트웨어개발/ App프로그래밍/ Web 프로그램밍 기술이 모두 필요하며 특히, 고용후 향후에는 여러가지 기술중 가장 재능을 많이 보이는 분야로 특화된 개발자로 나아갈 수 도 있습니다.", 학과 교육과정으로 충실히 완료하신분이면 지원이 가능합니다.1,RPA 분야 2 / App개발  1명 / Data3명1," 이력서, 자기소개서, 포트폴리오1", 7.12(화) 11시1,"복리후생 건강지원비, 교육비, 여행지원비"
아이티크루, 206-86-82093, 패키지 솔루션 개발(그룹웨어), 7, 8.2," 서울 성동구 연무장5가길 25, 성수역SKV1타워 310호"," <a href=""http//www.itcrew.co.kr"" target=""_blank"">http//www.itcrew.co.kr</a>"," 벤처기업, 디자인 채용요청시 회사소개서 기송부함."," 패키지S/W개발/유지보수(Java,Spring framework)", 웹개발 가능자1,11," 이력, 자기소개서,포트폴리오1", 7.11 월요일 11시1,"중식 제공 복리후생 연차수당,교육비 지원등"
홀썸 브랜드 코리아 엘엘씨, 269-84-00026," 전자상거래, 도소매", 20, 15, 서울시 강남구 선릉로 428," <a href=""http//www.wholesumbrands.com"" target=""_blank"">www.wholesumbrands.com</a>","저희 회사 소개를 간략히 드리면,홀썸브랜드는 한국에서 가장 빠르게 성장하는 스타트업 중 하나이며, 2021년 6월 설립 이후 국내외 투자자들로부터 Series A와Venture Debt을 통해 650억원 자금유치에 성공하였습니다.사업 모델은 온라인 브랜드를 인수하여 성장시키는 것으로, 이 과정에서 온라인 시장에 도전하는 창업가들에게 도움을 주며 공생하는 것을 중점적으로 생각합니다.취업 의뢰를 드리게 된 결정적인 이유는, 미림 정보 산업 고등학교는 성실, 봉사, 창조라는 교훈을 기본으로 사회와 국가 발전에기여한다는 목적이 저희 홀썸의 비전과 매칭되고, 고등 시절부터소프트웨어 개발을 위한 프로그래밍 언어 활용을 습득하는 것으로 알고 있어 취업 의뢰를 드리게 되었습니다.", Software Engineering, 소프트웨어 개발 경험 / 수상 이력 / 리더쉽 등1,Software Engineering 분야 3인1," 이력서, 자기소개서, 포트폴리오 등1"," 7.12(수) 11시, 2022     "
나인원소프트(주),220-87-66780, 소프트웨어개발, 30, 38," 서울시 성동구 상원1길 26, 서울숲A타워 711호"," <a href=""http//www.nineonesoft.com"" target=""_blank"">www.nineonesoft.com</a>", 네," 솔루션개발,SI개발 등(JAVA 외)1",2명1," 이력서, 자기소개서, 포트폴리오1", 7.12 (화)11tl1,"복리후생 통신비, 경조비 등"
 (주)로이테크원, 113-86-25811, 소프트웨어 개발 및 공급, 15, 15, 서울시 구로구 디지털로 272 한신IT타워 202호," <a href=""http//www.roit.co.kr"" target=""_blank"">www.roit.co.kr</a>","건설기업/물류기업을 위한 ICT융복합 솔루션을 직접 개발하여클라우드서비스와 SI방식으로 공급하는 기업으로, 국내 프로젝트관리시스템(PMS) 클라우드 서비스 1위의 시장점유 기록중벤처기업인증, 기술연구소등록기업, 국토부장관상 수상","1) SW 개발자 (JAVA언어)2) 시스템 운영 및 유지보수 (JAVA, asp)3) 경영지원담당(인사/회계/고객관리 등)", 개발자는 JAVA 언어 유경험자1,각 분야 1명1," 이력서, 자기소개서, 포트폴리오1", 6.30(목)11시1,"연말성과에 의한 인센티브 지급   복리후생 도서구입비, 학자금지원"
아이티크루, 206-86-82093, 패키지 솔루션 개발(그룹웨어), 7, 8.2," 서울 성동구 연무장5가길 25, 성수역SKV1타워 310호"," <a href=""http//www.itcrew.co.kr"" target=""_blank"">http//www.itcrew.co.kr</a>"," 벤처기업, 디자인 채용요청시 회사소개서 기송부함."," 패키지S/W개발/유지보수(Java,Spring framework)", 웹개발 가능자1,11," 이력, 자기소개서,포트폴리오1", 7.4 월요일 11시1,"중식 제공 복리후생 연차수당,교육비 지원등"
주식회사 하이퍼라운지, 548-88-01891, 소프트웨어 개발 및 데이터 분석 및 수집, 48, 1, 서울시 성동구 광나루로 130 서울숲IT캐슬 1401호," <a href=""http//www.hyperlounge.ai"" target=""_blank"">www.hyperlounge.ai</a>", 중소기업, Backend 데이터 처리 개발자1,데이터분야 o명1," 이력서, 자기소개서, 포트폴리오(의무사항아님)"
주식회사 팀오투, 286-88-00238, 소프트웨어개발, 50, 100," 서울시 강남구 테헤란로2길 21, 9, 10층(역삼동, 타워300)"," <a href=""http//teamo2.kr/"" target=""_blank"">http//teamo2.kr/</a>", 중소기업/벤처기업인증," 개발팀(NodeJS / Express / PHP / Mysql / MongoDB / AWS(EC2, RDS, S3, Lambda, etc)", NodeJS / PHP1,개발팀 3명1," 이력서, 포트폴리오1", 6.29 수요일 11시1,"복리후생 사내커피머신, 간식, 라운지, 직무도서구매"
 (주)헬로팩토리, 665-87-00133," 소프트웨어 개발, 공급", 12, 5," 서울특별시 강남구 선릉로107길 13, 3층"," <a href=""http//www.hellofactory.co.kr"" target=""_blank"">www.hellofactory.co.kr</a>","과기부 지정 SW 고성장클럽 200, 특허청 지정 지식재산경영기업 입니다.인원수 12명 규모의 중소기업이며 IoT를 기반으로 한 벨 시스템을 cloud 기반으로 서비스하는 기업입니다. 현재 한국, 미국, 캐나다로 서비스를 늘려가고 있으며 고객층은 규모가 있는 레스토랑,바, 호텔, 스테디움, 학교등이 서비스의 고객층입니다.HW는 기획, 설계를 진행하며 (개발, 제작은 외부에서 합니다)SW는 대부분을 자체 개발을 하여서 서비스를 진행하고 있습니다.보다 자세한 소개와 채용정보를 추가로 자료를 보내드리겠습니다.","서비스 시스템 서버 개발 cloud를 기반으로 회사에서 제공하는서비스의 서버 환경을 개발합니다. Amazon cloud를 사용하며,개발 언어는 node v14로 진행합니다. 사용하는 tool은 vscode를사용하고 있지만, 개인적으로 원하는 tool을 사용할 수 있습니다.App, Web 개발 회사에서 서비스하는 client를 개발하는 부분으로 administrator는 vue, flutter를 사용합니다. 그외 고객이 사용하는 app은 flutter로 진행합니다. 개발 tool은 vscode를 사용합니다.App, Web Design 고객이 사용하는 app, web page에 대한Design 부분으로 사용 tool은 Photoshop, Illustrator등과 같은 디자인 tool과 개발과 연동하기 위해서 Figma, Sketch와 같은 tool을 사용합니다.그외 공통적으로 모든 개발 관련 시스템은 apple mac을 사용합니다."," 개발 vscode editor, github, node, docker, flutter, 디자인 figma,sketch1","서버 개발 1명, App, web 개발 1명, 디자인 1명1"," 형식에 구애받지 않고 본인을 잘 설명할 수 있는 (성격, 경력) 서류면 다 괜찮습니다.1", 6.2,11시1
엔에이치엔커머스(주), 120-86-46911, 소프트웨어 개발 및 공급업(서비스업), 250, 333," 서울시 구로구 디지털로 26길 72, 2~3층"," <a href=""https//www.nhn-commerce.com/company/main.gd"" target=""_blank"">https//www.nhn-commerce.com/company/main.gd</a>", 이메일을 통해 PDF 파일로 제공, 온라인 커머스 플랫폼 개발자, 이메일을 통해 PDF 파일(회사소개 자료 내 6p 참고)1,4명1, 입사지원서 링크 별도로 전달1, 6.15(수) 오전 11시
뉴럴웍스랩(주), 810-86-00605," 소프트웨어 (인공지능, 데이터분석 솔루션)", 7, 8," 서울특별시 서초구 강남대로 369, 12층 5호 (서초동, 에이플러스에셋타워)"," <a href=""https//www.rocketpunch.com/companies/neuralworks"" target=""_blank"">https//www.rocketpunch.com/companies/neuralworks</a>","이러한 인공지능/데이터분석 솔루션(SaaS) 서비스를 함께 개발할 디자이너, 프런트엔드, 백엔드 개발자를 찾습니다 -<a href=""https//www.youtube.com/watch?v=7sIvlutFXCI"" target=""_blank"">https//www.youtube.com/watch?v=7sIvlutFXCI</a>"," 필수는 아님. 현재 회사가 사용중 figma, zeplin, node.js, vuejs,python, fastAPI","강남역 바로 옆 사무실이고, 재택 가능합니다 (일주일 1회 전체 모임). 구글 미트로 미림여고 여러분들을 위한 설명회, 질의응답 가능합니다.1","디자인 1명, 프런트엔드 1명, 백엔드 1명1"," 포트폴리오(디자인), 개발경험내용 및 기술 스택(개발자)1",6.16(목) 11시1,"식비 별도 지급 점심 지원, 야근시 석식 지원, 회사 및 개인 실적에 따른 상여금, 스탁옵션 제공복리후생 참고 <a href=""https//www.rocketpunch.com/companies/neuralworks"" target=""_blank"">https//www.rocketpunch.com/companies/neuralworks</a>"
 (주)코너스, 220-88-92965, 소프트웨어 개발, 32, 23, 서울특별시 성동구 상원1길 26(성수동1가) 806호," <a href=""http//www.corners.co.kr"" target=""_blank"">www.corners.co.kr</a>"," 2014년 설립된 중소기업으로 회사 소개는 <a href=""https//mail.google.com/mail/?view=cm&amp;fs=1&amp;to=job%40e-mirim.hs.kr&amp;authuser=0"" target=""_blank"">job@e-mirim.hs.kr</a> 송부드리겠습니다."," 소프트웨어 개발, 사업 수행(개발 지원), 제품서비스본부(제품 기획, 영업 등)", 학교생활에서 모범이 되는 학생이면 좋겠습니다.1, 0명1, 이력서 및 자기소개서1," 6.8 11시, 20221","복리후생 생일자 축하 상품권 지급, 사내 사이버 연수원 운영, 사내 종합건강검진 등"
케이엔큐레이션 주식회사, 609-86-257210, 소프트웨어개발 및 공급, 34, 15, 서울특별시 성동구 연무장 5길 9-16 블루스톤타워 8층," <a href=""https//www.startapp.co.kr"" target=""_blank"">https//www.startapp.co.kr</a>","저희 회사는 다양한 프로젝트를 성공적으로 수행한 앱개발 전문회사입니다. 고객의 니즈에 맞게 기획,디자인,개발, 마케팅까지통합적인 서비스를 제공하고 있으며 열정 많은 젊은 구성원들로이루어져 있으며 회사 성장과 구성원들의 성장을 위해 끊임없이노력하고 있습니다. 기업 규모는 전체 인원 34명으로 이루어져있고 기획팀, 디자인팀, 개발팀, 마케팅팀으로 구성되어 있으며지속적인 성장으로 인원을 추가적으로 채용하고 있습니다.","담당 업무 하이브리드 앱개발 및 기능 개발, 사용언어typescript, node, 주로 angular , ionic로 주로 개발하며 reactnative도 추가적으로 개발합니다.", 응시자격은 앱개발에 관심 많은 사람을 원하고 향후 장기적으로회사의 성장과 더불어 함께 성장할 인재를 원합니다.1,개발 분야 2명1," 이력서, 자기소개서, 포트폴리오1"," 6.13(월), 20221","복리후생 식비별도지금, 도서지원비, 선택적 근무제, 생일 반차지급, 휴식용 카페테리아,간식 제공, 아이맥 제공, 교육비 지원,"
단군소프트,220-86-29003,소프트웨어 도매업, 52, 704, 서울특별시 강남구 언주로 620 7층," <a href=""Http//www.tangunsoft.com"" target=""_blank"">Http//www.tangunsoft.com</a>", 영업지원직, 소프트웨어 관련 지식 보유자1, 1명1," 이력서, 자기소개서1", 6.21 화요일1,복리후생 홈페이지 참고
주식회사 덴컴, 687-87-00564, 소프트웨어 개발업, 14, 2," 서울시 영등포구 국회대로62길 5, 4층"," <a href=""http//www.dencomm.ai"" target=""_blank"">www.dencomm.ai</a>", 저희는 치과 음성AI차트 플랫폼을 개발중인 중소기업입니다. 현재 투자자로부터 20억의 투자유치가 확정된 상황입니다.,"백엔드업무  음성AI 데이터 학습, PHP, node js,java spring 사용가능자프론트엔드 업무  앱개발, react native 사용 가능자"," 앱 개발 가능자, react native, PHP, node js, java spring 언어 사용가능자1",백엔드 2명/ 프론트엔드 2명1," 이력서, 자기소개서, 포트폴리오1", 5.26(목) 오전 11시1,"복리후생 교육훈련비, 1주일 1회 식대 지원, 간식 지원, 자유연차"
주식회사 리서치이노션, 114-86-73975, 응용소프트웨어 개발 및 공급업, 10, 10," 서울특별시 강남구 강남대로364, 1602호(역삼동, 미왕빌딩)"," <a href=""https//www.reinno.com"" target=""_blank"">https//www.reinno.com</a>","리서치이노션은 온라인 설문조사 솔루션, 컨택(전화조사) 솔루션, 웹리포트 시스템, ERP 시스템을 전문적으로 개발하는 직원수 10명의 중소기업입니다.2009년 설립 이후 지속적으로 성장하고 있는 가운데, 21년 벤처,메인비즈, 22년 이노비즈 인증을 획득하였고, 기업부설연구소를보유하여 R&amp;D분야에도 지속적인 투자를 진행하고 있습니다.","설문조사 솔루션, 컨택(전화조사) 솔루션, 웹리포트 시스템 개발에 필요한 인력을 충원 중입니다.필수적인 사용 언어 및 툴 HTML5, Javascript, PHP, DB(MSSQL)", 정보처리 관련 자격증 보유자1,설문조사 솔루션 개발 분야 2명1," 이력서, 자기소개서, 포트폴리오, 성적증명서1", 5.26(목)오전 11시1,식비 별도 지급1
퀄리티아 주식회사, 120-86-30103, S/W개발 및 System통합개발, 21, 28, 서울시 강남구 언주로130길 35," <a href=""https//www.qualitia.co.kr"" target=""_blank"">https//www.qualitia.co.kr</a>","저희 회사는 2201년 창립이후, '글로벌 메시징 인프라 기업'의 비전을 가진 메시징 전문기업으로 성장하고 있는 회사로서 기업용웹메일, 스팸메일 차단솔루션, 이메일 보안솔루션 등 이메일을 중심으로 한 다양한 제품을 제공하고 있습니다.싱가포르 및 일본에 동일한 사명의 모회사 및 계열회사가 있으며,20년 이상 안정적인 경영을 하고 있습니다.2022년 2월까지는 디프소프트(주)라는 사명이었으나, 모회사 및계열회사와 동일한 사명을 사용하기 위해 3월에 퀄리티아(주)로사명을 변경하였습니다.회사 규모는 중소기업입니다.", 기업용 메일 및 메일보안관련 제품의 연구개발을 위한 java 웹 개발 직원을 모집중에 있습니다., Web 어플리케이션 개발 및 java struts (spring) 개발에 대한 기본소양을 갖춘 인재를 모집하고 있습니다.1,java 웹 개발자 2명1," 이력서, 자기소개서, 개발 포트폴리오(대상자에 한함)1", 5.26(목) 11시15.연간 성과급은 영업이익 규모에 따라 월 급여의 50%~100% 1회 지급내)1,"복리후생건강검진, 직원대출제도, 각종 경조사 지원, 단체 상해보험,우수사원시상식, 워크샵, 도서구입비지원, 외국어 교육 지원, 자기계발비 지원, 사내동호회 운영, 음료제공(차, 커피), 퇴직연금, 인센티브제, 상여금, 장기근속자 포상, 우수사원포상, 퇴직금, 야근수당, 휴일수당, 직책수당, 4대 보험, 명절선물, 콘도/리조트 회원권보유, 연차, 여름휴가, 경조휴가제, 회식강요 안함, 야근강요 안함, 자유복장     "
주식회사 하이, 603-88-00597, 소프트웨어 개발, 29, 8," 서울시 마포구 마포대로 122, 프론트원 15층"," <a href=""http//www.haii.io"" target=""_blank"">www.haii.io</a>", 정신건강 증진을 위한 디지털 치료제 개발 회사(중소기업), 소프트웨어 개발/서비스기획 및 운영, 소프트웨어 개발 업무자는 소프트웨어 전공 필요/ 서비스 기획 및운영 부문은 협력 및 커뮤니케이션 원활하며 열정있으신 분1,개발 1명 / 기획 및 운영 1명1," 이력서, 자기소개서, 포트폴리오(있을 경우)1", 5.26(목) 11시1,성과금 있음1
 (주)인프로, 850-87-00105," 소프트웨어 개발, 하드웨어 개발", 11, 16," 서울시 금천구 벚꽃로 286, 삼성리더스타워 1204호"," <a href=""http//www.inpro.co.kr"" target=""_blank"">www.inpro.co.kr</a>","* 스타트업 (업력 7년차 중소기업)- 제품(서비스)* ICT 기반 스마트팜 시스템 (우리농장) 서비스* A.I 기반 동물 행동 탐지 시스템 서비스* 노지 스마트팜 시스템 서비스- 복지※ 기본주 5일 / 40시간 탄력 근무제 ( 8시, 9시 10시 근무 선택 ) - 금요일1시 퇴근 가능연차 및 경조휴가, 창립일 휴가 반차 등 일반 사항식대 / 휴게 시설연장 지원 (노트북, 듀얼모니터 외 기타 스마트 장비 )1800mm 책상 지원 (넓어서 물건 잘 잃어 버림)※ 교육워크샵 (프리스케쥴), 도서구입비 , 자격증 취득 지원※ 보장 / 보상인센티브 (상반기/ 하반기) , 우수사원포상 ,장기근속자 포상, 퇴직연금 , 경조사 지원, 명절 지원",스마트팜 시스템 서비스 개발 (고도화 및 신규 서비스 개발 )- NginX 기반 PHP / NodeJs / Python / C++- DBMS  MS-SQL / MariaDB, 협업능력이 우수한자1,소프트웨어 개발  3명1," 이력서, 자기소개서, 포트폴리오1", 5.26(목)11시     
 (주)한컴위드, 116-81-72773, 소프트웨어 개발 및 공급, 111, 260, 경기도 성남시 분당구 대왕판교로235 H스퀘어 N동 215호," <a href=""http//www.hancomwith.com"" target=""_blank"">www.hancomwith.com</a>", 중소기업/코스닥상장 소개자료는 메일로 보내드리도록하겠습니다., 디지털포렌식 소프트웨어 개발관련 기술 연구 및 제품 개발," 문제해결 능력, 소통 능력, 하나 이상의 능숙한 프로그래밍 언어구사. 주요 전산 전공 수업을 많이 이수한 학생 우대1",총 4명1," 이력서(자기소개서) 및 수학한 내용에 대한 포트폴리오 공유 우대 (notion, github 등)1", 5.26(목)11시1,복리후생연100만원 복지포인트/휴가비지원/사내카페테리아/생일자케잌&amp;상품권지급/최대1000만원장기근속포상금/매년25만원상당의 건강검진지원/체력단련비지원/우수사원포상/주차비지원/직무교육비지원/팀비지원_단 모든 항목 정규직(혹은 수습기간) 기준
주식회사 다산카이스, 135-86-21912," 소프트웨어자문개발공급,전자관및기타전자부품", 18, 38, 경기도 성남시 분당구 대왕판교로644번길49 다산타워3층," <a href=""https//www.kysco.kr"" target=""_blank"">https//www.kysco.kr</a>","다산카이스는 안전하고 편리한 공동주택(아파트) 주거환경을 위해 IoT기술 기반의 서비스와 솔루션을 제공하는 기업입니다.2012년 설립 이후 국내 유수의 건설사에 비상호출기와 원패스시스템을 공급해 왔으며, 2014년 국내 1등 통신장비 기업인 다산그룹에 편입되었습니다.본사는 판교테크노밸리 코리아벤처타운에 위치합니다.","시스템 및 앱 로그 분석 및 분석 소프트웨어 개발사용 언어- Java, Script Languages (Shell Script, Lua or Python)", 우대사항 Linux 개발환경에 익숙한 분1,서비스 운영팀 1명1," 이력서, 자기소개서, 포트폴리오(옵션)1", 5.20 11시1,성과급은 회사 실적에 따라 지급 식비 별도 지급1
 (주)사람인에이치알, 113-86-00917, 포털 및 기타 인터넷 정보매개 서비스업, 448, 1290, 서울특별시 구로구 디지털로34길 43 (건물명 코오롱싸이언스밸리 1차 2층)," <a href=""https//saraminhr.co.kr/home/homeIndex.do"" target=""_blank"">https//saraminhr.co.kr/home/homeIndex.do</a>","사람인HR은 일과 사람을 잇는 다양한 서비스를 제공하며,HR-Tech를 통해 채용 시장의 기회와 경험을 더 즐겁고 가치있게만들고 있습니다.다우키움 그룹 계열사로 코스닥 상장 중견기업이며,1위 취업플랫폼 '사람인', 개발자 취업플랫폼 '점핏'은 물론 채용대행 컨설팅 사업, 인재 검증 도구 개발(인적성 등), HR전문가 솔루션 플랫폼 등 다양한 사업을 운용하고 있습니다.","- 사람인 모바일앱 개발 및 유지보수 (사람인, 아이엠그라운드 더레디, 오투잡)- 모바일 환경의 사용자 경험 확장을 위한 기술 R&amp;D",Kotlin 또는 Swift 개발 경험 / Native App의 HTTP 통신 이해 / 기본 UI 컴포넌트 및 Custom UI에 대한 이해 / 형상관리 툴(Git) 사용 경험 등1,APP 개발 분야 3명1," 이력서, 자기소개서, 포트폴리오1", 5.16 11시1,"복리후생 외부 교육비 지원, 사내 카페 무료 이용, 유연근무제, 복지포인트 120만원, 시간 연차, 사내 대출 지원, 등"
인원 OO명 ,우대사항 채용공고 참조,각 반 1명  ,"전형절차 및 일정- 전형절차 서류전형 → 1차면접 → 최종면접 → 합격자 발표- 접수기간 2022.05.04(수) ~ 2022.05.18(수)- 접수방법 <a href=""http//shinrecruit.shinyoung.com"" target=""_blank"">http//shinrecruit.shinyoung.com</a>- 서류전형 합격자 발표 5월 말 예정  ※ 채용사이트 및 개별 SMS를 통해 안내"
주식회사 위즈컨, 830-86-00588, 소프트웨어 개발, 11, 15, 서울특별시 마포구 만리재로 83 나경빌딩 12층," <a href=""http//www.wiz-con.com"" target=""_blank"">www.wiz-con.com</a>", PDF파일로 메일로 전송, 내부 플랫폼 개발 및 외부 고객사 시스템 유지보수, 자바1,소프트웨어개발 분야 2명1, 이력서 및 자기소개서1, 4.27(수)1,기타 급여(수당) 퇴직금 별도 지급(연급여에 포함 안됨)인센티브
㈜지에스아이티엠, 101-86-23426, 응용 소프트웨어 개발 및 공급업, 886, 2548, 서울특별시 종로구 계동길 31 보헌빌딩," <a href=""https//www.gsitm.com/"" target=""_blank"">https//www.gsitm.com/</a>", 메일로 전달예정입니다., Software Engineering, 미림여자정보과학 고등학교 재학생 중 IT관련학과1,SW분야 2~3명 (각 반 1명)1," 이력서,자기소개서(자사양식), 포트폴리오(자유양식)1",4.281,"복리후생 GS ITM 최고의 복지는 '동료'입니다. [조직문화] 개발자들의 기술역량을 발휘할 수 있는 다양한 근무환경을 제공합니다. ㆍ수평적조직문화 확산과 역할 중심의 문화 ㆍ직급없이 “매니저”로 호칭일원화 ㆍ복장규정 캐주얼 [경력개발] 구성원의 자기계발을 위한교육/자격증 취득을 지원해 드립니다. ㆍ온라인(겟스마트,인프런) 오프라인 교육 전액 지원 ㆍ자격증 취득 지원 (취득비용 50%지원) [구성원 가족케어] 구성원의 가족들도 GS ITM과 함께 합니다. ㆍ각종 경조금 지원 ㆍ경조용품 및 장례(상조서비스) 지원 ㆍ명절선물 지급(설,추석) [여가활동지원] 구성원의 리프레쉬를 응원합니다. ㆍ전국 8개소 휴양소 이용가능 ㆍ티웨이항공 상시 할인 ㆍ복지포인트 제공 [건강관리] 구성원과 가족의 건강관리를 위한 제도를 운영합니다. ㆍ매년 종합건강검진 시행 ㆍ배우자 건강검진 (40세 이상 격년시행) ㆍ구성원 단체보험 가입 ㆍ코로나19백신휴가 [회사생활] ㆍ5년 단위 장기근속 포상(국민관광상품권100만원 및 휴가 5일) ㆍ사내동호회 지원 [법정 복지제도] ㆍ주5일근무, 4대보험, 연차/반차/반반차 사용 ㆍ출산휴가 ㆍ육아휴직ㆍ가족돌봄휴가"
주식회사 시솔지주, 220-88-62200, 전자부품소재 제조업 / 보안 인증 솔루션, 14, 13, 경기도 성남시 수정구 달래내로 46 성남글로벌융합센터 A타워 8층 A802호," <a href=""http//www.sisoul.co.kr"" target=""_blank"">www.sisoul.co.kr</a>",시솔지주는 보안 / 인증 솔루션제품 제조기업으로 시작하여 현재는 SaaS서비스 기반의 사용자 인증 솔루션 개발로 사업확장중에있습니다. 자세한 자료는 이메일을 통해 송부하겠습니다., android app 개발( Kotlin / java ) android Studio, android app 개발( Kotlin / java ) android Studio1,안드로이드 앱개발 팀 / 1명1, 이력서 / 포트폴리오 또는 github 주소1, 4.27(수) 오전 11시15.식대 별도제공.1,복리후생 간식제공 / 아침 커피타임제공
 (주)아이퀘스트, 101-81-42433, 소프트웨어개발및 공급, 113, 175," 서울 구로구 디지털로34길55,407(코오롱싸이언스밸리2차)"," <a href=""http//www.iquest.co.kr"" target=""_blank"">http//www.iquest.co.kr</a>","아이퀘스트틑 1996년 설립 이래 25년간 기업정보화 솔루션의 개발 및 보급에 매진해 오고 있습니다. “고객은 옳다”라는 가치를 지키며 개발과 보급에 앞장서 온 결과 그동안 20만 고객이 아이퀘스트 솔루션을 함께 하였습니다. 항상 고객을 최우선으로 하는 솔루션 개발과 고객지원에 투자를 아끼지 않는 통시에 나아가 고객의 사랑과 관심으로 이룬 발전을 사회적 가치로 실현하는 정도경영을 실천하는 기업을 표방하고 있습니다.중소기업,벤쳐기업,청년친화강소기업,일하기좋은중소기업,코스닥상장기업", 소프트웨어개발," java, 모바일어플리케이션1",21," 이력서,자기소개서,성적증명서 (4.28목 11시)1"," Apr 30, 20221","복리후생 자기개발비,콘도이용권,동호회,우리사주,각종경보사지원등"
 (주)플레이스엠, 120-86-43350," 소프트웨어 개발, 국내여행업", 37, 174, 서울시 서대문구 이화여대5길 12," <a href=""http//www.hamac.kr"" target=""_blank"">www.hamac.kr</a>"," 중소기업, 여행레저 예약,티켓 판매 플랫폼 전문기업","· 자사 시스템 서비스 개발 / 유지보수· 자사 업무 시스템 백오피스 개발 / 유지보수· 정부 지원사업 / 과제 수행· Python· CI, 라라벨 프레임워크· Mysql"," Python언어에 대한 이해/ CI, 라라벨등 프레임워크 활용능력/e커머스 비즈니스에 대한 이해1",웹개발 2명1," 이력서, 자기소개서, 포트폴리오1", 4.20(수) 오전 11시1,"복리후생 교육비 지원, 자유로운 휴가사용, 사내행사"
 (주)아이티데스크, 214-88-12699, 컴퓨터 도소매 및 서비스, 21, 127, 서울시 영등포구 양평동5가 18번지 우림라이온스밸리1차 B동611호, itdesk.co.kr, 중소기업,".IT Solution Platform 운영 및 유지보수  각종 솔루션을 소개하고 고객과 연결시켜주는 플랫폼을 운영하고 유지보수 (프로그램개발, JAVA 경험 있으면 좋음)..대 고객 소통 및 마케팅 활동. ERP Data 분석 및 개선 사항 도출.기타 회사 운영 지원. 상황에 따라서 사업지원 (견적, 입출고, 테스트,제품 구매등)을 담당할 수 있습니다.","정직과 성실로 매사에 최선을 다하는 자세. 실패를 두려워 하지않고 도전적이고 진취적 태도 . 말보다 “행동“, 자신의 행동에 책임을 짐. JAVA 나 웹 개발 경험자 선호1",기획 또는 사업지원 1 명1, 자기소개서 및 이력서1, 4.18(월) 오전 11시1,"상여금, 명절선물, 문화체육비, 건강검진,복리후생 별도1"
솔루피아주식회사, 220-86-11293, 소프트웨어 개발, 25, 50," 서울특별시 영등포구 경인로 775,1동 411호"," <a href=""http//www.solupia.co.kr"" target=""_blank"">www.solupia.co.kr</a>","2001년 05월 02일에 설립된 응용 소프트웨어 개발 및 공급업의 소프트웨어 개발사업을 하는 중소기업, 주식회사기업","자체 솔루션 개발 및 유지보수 java, javascript, sql, Intellij,Spring Framework/ 보안솔루션 구축 및 유지보수  sql, linux,windows server"," IT관련 자격증 소지 우대, DB경헙자우대1",7명1," 이력서,자기소개서1", 4.18(월) 오전 11시1,"복리후생 통신비,출장비"
에스큐아이소프트(주), 107-81-74307, sw개발외, 187, 212, 서울 영등포구 선유로3길 10 하우스디비즈 13층," <a href=""http//www.sqisoft.com"" target=""_blank"">www.sqisoft.com</a>","JAVA개발자  JAVA, Jquery, Javascript, Spring / Linux, Window환경, React 경험 우대서버개발자  C/C++ 개발자, Linux 환경"," JAVA개발자  JAVA, Jquery, Javascript, Spring / Linux, Window환경, React 경험 우대 서버개발자  C/C++ 개발자, Linux 환경1",4명1," 입사지원서, 포트폴리오1", 4.20(수) 오전 11시1,"복리후생 명절,근로자의날, 개인기념일 복지비 지급, 유연근무제, 사내 북까페 등"
 (주)모니터랩, 214-87-66413, IT, 81, 120," 서울시 구로구 디지털로 27가길 27 아남빌딩 8,9층"," <a href=""https//www.monitorapp.com"" target=""_blank"">https//www.monitorapp.com</a>", 첨부파일 참조, 첨부파일 참조, 첨부파일 참조1," 이력서, 자기소개서, 포트폴리오1", 5.16(월)오전 11시1,"복리후생 교육비, 업무도서비, 복지포인트, 가정의날(월 1회 조기퇴근), 건강검진제도, 장기근속 포상 등파일이름 "
주식회사 비잉테크, 855-81-00791," 제조, SW개발", 12, 10," 경기도 안양시 동안구 흥안대로427번길 16, 707호"," <a href=""http//www.beingtech.co.kr"" target=""_blank"">www.beingtech.co.kr</a>"," 스마트공장 관련 SW 개발 및 데이터 수집 device 생산 업체, 중소기업"," Firmware 개발자, 응용SW 개발자, HW 개발자 (별도 파일 참조)","C, C++ 프로그래밍, JAVA, Python, MFC 프로그래밍, Linux 커널, 드라이버, uboot 개발, 회로 해석, PADS, Or-CAD 등,Application Processor / DDR / MCU 설계 (Android 및 Ubuntu등), 성실하고 회사를 같이 성장시키겠다는 의지, 책임감1",3명1," 이력서, 자기소개서, 자격증 등1", Apr 18(월) 11시15.기타 급여(수당) 상여금 별도 지급퇴직금 별도 지급(연급여에 포함 안됨)1,"복리후생 통신비, 문화지원비, 출장교통비 실비 지원, 저녁식대 제공, 연차휴가 등파일이름 "
주식회사 쉐어밸류, 750-86-00899, 소프트웨어 개발 및 공급, 6, 1," 서울시 중구 무교로 15, 1805호"," <a href=""http//www.sharevaluecorp.com"" target=""_blank"">www.sharevaluecorp.com</a>","쉐어밸류는 개발과 운영 인프라의 진입장벽이 없는 항공예약SaaS 솔루션을 개발하여 공급하고 있습니다. 기업 규모는 소기업이며 벤처기업인증, 2020년 한국관광공사 관광벤처기업 선정,2021년 한국관광공사 여행업 디지털전환사업의 기술인프라 공급기업입니다.", 는 실시간 항공예약 서비스 Front-End 개발 및TypeScript와 Vue.js 사용하고 있습니다., TypeScript 와 Vue.js 를 학습했거나 사용한 경험1,소프트웨어 개발 2명1," 이력서, 포트폴리오 제출1", 4.18(월) 11시14.기타 급여(수당) 퇴직금 별도 지급(연급여에 포함 안됨)중식비 10만원1,"복리후생 교육비, 도서구입비, 세미나참석비파일이름 "
마크비전,490-81-01666, 정보통신업, 80, 10,주소(도로명주소)서울특별시 강남구 테헤란로 427 위워크타워 6층,"<a href=""http//www.marqvision.com"" target=""_blank"">www.marqvision.com</a>","기업소개 및기업규모기업규모는 중소기업입니다. 기업소개는<a href=""https//www.notion.so/marqvision/Join-MarqVision-Now-"" target=""_blank"">https//www.notion.so/marqvision/Join-MarqVision-Now-</a>45fe625482474464bf8a8764242549bd 참고해 주세요.","Data Operations Specialist (위조상품 모니터링 및 신고)세부내용은<a href=""https//www.notion.so/marqvision/b083041b5d3540559905d2239bd4771a"" target=""_blank"">https//www.notion.so/marqvision/b083041b5d3540559905d2239bd4771a</a>을 참고해 주세요.", MS Office 사용능력1,51, 이력서1,4.11(월) 오전 11시15.기타 급여(수당) 식비 별도 지급1,복리후생 야근 시 택시비 지원파일이름 
주식회사 에스파이온, 455-88-01508, 정보통신업, 5, 4, 서울 금천구 가산디지털1로 58 에이스한솔타워 709호," 일본병원의료정보시스템, 헬스케어관련 개발 및 운영을 하는 소기업입니다.",ASP.NET과 Blazor 등의 MicroSoft .NET 중심 웹 개발을 진행하고 있습니다.Java에 익숙하시더라도 C#과 비슷한 점이 많기에 적응에 문제없을 거라 생각합니다.," 관련자격증, 일본어 가능자 우대1",웹개발자 1명1," 이력서, 자기소개서, 포트폴리오1"," Mar 23, 202214.퇴직금 별도 지급(연급여에 포함 안됨) 식비 별도 지급성과급지급, 복리후생 년간복지비 100만원지급파일이름 "
기업이 학교로 인재채용의뢰서 요청 or 학교에서 기업에게 인재채용의뢰서 요청,"인재채용의뢰서 도착하면,classroom에 공지, 취업미림 페이스북 페이지 공지, 담임 선생님께 공지","이력서, 자기소개서, 프로젝트 수행기술서, 포트폴리오 등 담임 선생님께 제출",담임 선생님 검토 후 수정,수정 완료된 서류를 담임선생님께 제출,담임선생님께서는 마감일전에 클래스룸에 제출,최종 검토 후 회사로 제출😊 학생이 해야할 일- 구글 계정 학번 이름으로 변경 요청,google.com 접속,@e-mirim.hs.kr 계정으로 로그인,▦ 메뉴 클릭,[Google 계정] 클릭,[개인정보] 클릭,[이름] 클릭,"성  3학년학번, 이름  본인이름1) 2022학년도 취업지도 classroom 들어가기classroom.google.com 접속 &gt; (오른쪽 위) + 클릭 &gt; 수업 참여하기2) facebook.com/career.mirim 친구 추가3) 이력서, 자기소개서 갈고 닦고 수양하기, 포트폴리오 다듬기😊선생님들은 여러분들의 취업을 위해 최선을 다할 것입니다"
